lon,lat,name,url,elevation
-120.667849,35.28353,US-101 : Broad Street,https://cwwp2.dot.ca.gov/data/d5/cctv/image/us101broadstreet/us101broadstreet.jpg?_=1771278602,200
-120.682343,35.244772,US-101 : Los Osos Valley Road,https://cwwp2.dot.ca.gov/data/d5/cctv/image/us101losososvalleyroad/us101losososvalleyroad.jpg?_=1771278602,108
-120.67201,35.27337,US-101 : Marsh Street,https://cwwp2.dot.ca.gov/data/d5/cctv/image/us101marshstreet/us101marshstreet.jpg?_=1771278602,188
-120.673748,35.265722,US-101 : Madonna Road,https://cwwp2.dot.ca.gov/data/d5/cctv/image/us101madonnaroad/us101madonnaroad.jpg?_=1771278602,154
-120.64855,35.29161,US-101 : Monterey Street,https://cwwp2.dot.ca.gov/data/d5/cctv/image/us101montereystreet/us101montereystreet.jpg?_=1771278602,308
-120.684988,35.64227,US-101 : SR-46 East,https://cwwp2.dot.ca.gov/data/d5/cctv/image/us101sr46east/us101sr46east.jpg?_=1771278602,711
-120.697739,35.177695,US-101 : Avila Beach Drive,https://cwwp2.dot.ca.gov/data/d5/cctv/image/us101avilabeachdrive/us101avilabeachdrive.jpg?_=1771278602,161
-120.645348,35.147674,US-101 : SR-1 and Bello St,https://cwwp2.dot.ca.gov/data/d5/cctv/image/us101sr1andbellost/us101sr1andbellost.jpg?_=1771278602,128
-120.662324,35.154338,US-101 : Mattie Road,https://cwwp2.dot.ca.gov/data/d5/cctv/image/us101mattieroad/us101mattieroad.jpg?_=1771278602,117
-120.621828,35.136549,US-101 : 4th Street,https://cwwp2.dot.ca.gov/data/d5/cctv/image/us1014thstreet/us1014thstreet.jpg?_=1771278602,87
-120.687051,35.163886,US-101 : Spyglass Dr,https://cwwp2.dot.ca.gov/data/d5/cctv/image/us101spyglassdr/us101spyglassdr.jpg?_=1771278602,117
-120.62971,35.38348,US-101 : SR-58,https://cwwp2.dot.ca.gov/data/d5/cctv/image/us101sr58/us101sr58.jpg?_=1771278602,1069
-120.65811,35.47672,US-101 : Curbaril,https://cwwp2.dot.ca.gov/data/d5/cctv/image/us101curbaril/us101curbaril.jpg?_=1771278602,924
-120.633435,35.29527,US-101 : Fox Hollow,https://cwwp2.dot.ca.gov/data/d5/cctv/image/us101foxhollow/us101foxhollow.jpg?_=1771278602,435
-120.69137,35.22373,US-101 : South Higuera Street,https://cwwp2.dot.ca.gov/data/d5/cctv/image/us101southhiguerastreet/us101southhiguerastreet.jpg?_=1771278602,104
-120.70102,35.19229,US-101 : San Luis Bay Drive,https://cwwp2.dot.ca.gov/data/d5/cctv/image/us101sanluisbaydrive/us101sanluisbaydrive.jpg?_=1771278602,50
-120.601113,35.12841,US-101 : Camino Mercado,https://cwwp2.dot.ca.gov/data/d5/cctv/image/us101caminomercado/us101caminomercado.jpg?_=1771278602,135
-120.586812,35.122087,US-101 : Grand Avenue,https://cwwp2.dot.ca.gov/data/d5/cctv/image/us101grandavenue/us101grandavenue.jpg?_=1771278602,116
-120.433019,34.984583,US-101 : SR-135 Broadway,https://cwwp2.dot.ca.gov/data/d5/cctv/image/us101sr135broadway/us101sr135broadway.jpg?_=1771278602,230
-121.04112,35.52237,SR-1 : South of SR-46 West,https://cwwp2.dot.ca.gov/data/d5/cctv/image/sr1southofsr46west/sr1southofsr46west.jpg?_=1771278602,121
-120.638109,35.443815,US-101 :  Santa Barbara Rd,https://cwwp2.dot.ca.gov/data/d5/cctv/image/us101santabarbarard/us101santabarbarard.jpg?_=1771278602,916
-120.407972,34.879598,US-101 : Union Valley Parkway,https://cwwp2.dot.ca.gov/data/d5/cctv/image/us101unionvalleyparkway/us101unionvalleyparkway.jpg?_=1771278602,485
-120.664983,35.485013,US-101 : SR-41 West,https://cwwp2.dot.ca.gov/data/d5/cctv/image/us101sr41west/us101sr41west.jpg?_=1771278602,864
-120.691562,35.610179,US-101 : Niblick Road,https://cwwp2.dot.ca.gov/data/d5/cctv/image/us101niblickroad/us101niblickroad.jpg?_=1771278602,780
-120.41801,34.93904,US-101 : Stowell Rd,https://cwwp2.dot.ca.gov/data/d5/cctv/image/us101stowellrd/us101stowellrd.jpg?_=1771278602,244
-120.4181,34.92715,US-101 : Betteravia Rd,https://cwwp2.dot.ca.gov/data/d5/cctv/image/us101betteraviard/us101betteraviard.jpg?_=1771278602,247
-120.656481,35.291997,US-101 : Grand Avenue SLO,https://cwwp2.dot.ca.gov/data/d5/cctv/image/us101grandavenueslo/us101grandavenueslo.jpg?_=1771278602,341
-120.69645,35.67055,US-101 : Stockdale Road,https://cwwp2.dot.ca.gov/data/d5/cctv/image/us101stockdaleroad/us101stockdaleroad.jpg?_=1771278602,709
-121.189412,35.645539,SR-1 : Hearst Castle,https://cwwp2.dot.ca.gov/data/d5/cctv/image/sr1hearstcastle/sr1hearstcastle.jpg?_=1771278602,49
-120.62587,35.29981,US-101 : Reservoir Canyon Road,https://cwwp2.dot.ca.gov/data/d5/cctv/image/us101reservoircanyonroad/us101reservoircanyonroad.jpg?_=1771278602,474
-120.62421,35.31065,US-101 : North of Reservoir Canyon Road,https://cwwp2.dot.ca.gov/data/d5/cctv/image/us101northofreservoircanyonroad/us101northofreservoircanyonroad.jpg?_=1771278602,559
-120.62104,35.31717,US-101 : Bottom of Cuesta Grade,https://cwwp2.dot.ca.gov/data/d5/cctv/image/us101bottomofcuestagrade/us101bottomofcuestagrade.jpg?_=1771278602,653
-120.62018,35.32776,US-101 : Old 101 Turnout,https://cwwp2.dot.ca.gov/data/d5/cctv/image/us101old101turnout/us101old101turnout.jpg?_=1771278602,936
-120.6267,35.33772,US-101 : South of Old Stagecoach Road,https://cwwp2.dot.ca.gov/data/d5/cctv/image/us101southofoldstagecoachroad/us101southofoldstagecoachroad.jpg?_=1771278602,1229
-120.63027,35.34768,US-101 : Top of Cuesta Grade,https://cwwp2.dot.ca.gov/data/d5/cctv/image/us101topofcuestagrade/us101topofcuestagrade.jpg?_=1771278602,1500
-120.63636,35.35459,US-101 : North of Cuesta Grade,https://cwwp2.dot.ca.gov/data/d5/cctv/image/us101northofcuestagrade/us101northofcuestagrade.jpg?_=1771278602,1354
-120.63858,35.36139,US-101 : South of Tassajara Creek Road,https://cwwp2.dot.ca.gov/data/d5/cctv/image/us101southoftassajaracreekroad/us101southoftassajaracreekroad.jpg?_=1771278602,1267
-120.68876,35.50081,US-101 : San Anselmo Road,https://cwwp2.dot.ca.gov/data/d5/cctv/image/us101sananselmoroad/us101sananselmoroad.jpg?_=1771278602,862
-120.69967,35.51299,US-101 : Del Rio Road,https://cwwp2.dot.ca.gov/data/d5/cctv/image/us101delrioroad/us101delrioroad.jpg?_=1771278602,880
-120.70424,35.526694,US-101 : San Ramon Road,https://cwwp2.dot.ca.gov/data/d5/cctv/image/us101sanramonroad/us101sanramonroad.jpg?_=1771278602,788
-120.714325,35.544071,US-101 : Vineyard Drive,https://cwwp2.dot.ca.gov/data/d5/cctv/image/us101vineyarddrive/us101vineyarddrive.jpg?_=1771278602,844
-120.710098,35.556114,US-101 : Las Tablas Road,https://cwwp2.dot.ca.gov/data/d5/cctv/image/us101lastablasroad/us101lastablasroad.jpg?_=1771278602,840
-120.70152,35.56616,US-101 : North Main St - Theater Dr,https://cwwp2.dot.ca.gov/data/d5/cctv/image/us101northmainsttheaterdr/us101northmainsttheaterdr.jpg?_=1771278602,784
-120.6955,35.58738,US-101 : SR-46 West Offramp,https://cwwp2.dot.ca.gov/data/d5/cctv/image/us101sr46westofframp/us101sr46westofframp.jpg?_=1771278602,779
-120.695107,35.591498,US-101 : SR-46 West Onramp,https://cwwp2.dot.ca.gov/data/d5/cctv/image/us101sr46westonramp/us101sr46westonramp.jpg?_=1771278602,763
-120.69293,35.6005,US-101 : South of Niblick Road,https://cwwp2.dot.ca.gov/data/d5/cctv/image/us101southofniblickroad/us101southofniblickroad.jpg?_=1771278602,731
-120.68687,35.61745,US-101 : Paso Robles Street,https://cwwp2.dot.ca.gov/data/d5/cctv/image/us101pasoroblesstreet/us101pasoroblesstreet.jpg?_=1771278602,709
-120.68696,35.63136,US-101 : 17th Street Onramp,https://cwwp2.dot.ca.gov/data/d5/cctv/image/us10117thstreetonramp/us10117thstreetonramp.jpg?_=1771278602,705
-120.69659,35.65467,US-101 : Spring Street Southbound Exit,https://cwwp2.dot.ca.gov/data/d5/cctv/image/us101springstreetsouthboundexit/us101springstreetsouthboundexit.jpg?_=1771278602,762
-120.6999,35.58901,SR-46 West : Theater Drive,https://cwwp2.dot.ca.gov/data/d5/cctv/image/sr46westtheaterdrive/sr46westtheaterdrive.jpg?_=1771278602,798
-120.6479,35.64478,SR-46 East : Union Road,https://cwwp2.dot.ca.gov/data/d5/cctv/image/sr46eastunionroad/sr46eastunionroad.jpg?_=1771278602,773
-120.42411,34.96987,US-101 : North of Donovan Rd,https://cwwp2.dot.ca.gov/data/d5/cctv/image/us101northofdonovanrd/us101northofdonovanrd.jpg?_=1771278602,229
-120.684419,35.238096,US-101 : KSBY,https://cwwp2.dot.ca.gov/data/d5/cctv/image/us101ksby/us101ksby.jpg?_=1771278602,195
-120.673022,35.489648,US-101 : Traffic Way,https://cwwp2.dot.ca.gov/data/d5/cctv/image/us101trafficway/us101trafficway.jpg?_=1771278602,895
-120.651444,35.465766,US-101: Santa Rosa,https://cwwp2.dot.ca.gov/data/d5/cctv/image/us101santarosa/us101santarosa.jpg?_=1771278602,971
-120.668308,35.294182,SR-1 : Foothill Blvd,https://cwwp2.dot.ca.gov/data/d5/cctv/image/sr1foothillblvd/sr1foothillblvd.jpg?_=1771278602,250
-120.302499,35.717531,SR-46 East : Cholame CMS,https://cwwp2.dot.ca.gov/data/d5/cctv/image/sr46eastcholamecms/sr46eastcholamecms.jpg?_=1771278602,1192
-120.436218,34.920657,SR-135: Betteravia Rd,https://cwwp2.dot.ca.gov/data/d5/cctv/image/sr135betteraviard/sr135betteraviard.jpg?_=1771278602,247
-120.435765,34.938393,SR-135: Stowell Rd,https://cwwp2.dot.ca.gov/data/d5/cctv/image/sr135stowellrd/sr135stowellrd.jpg?_=1771278602,220
-120.416519,34.953112,SR-101: East Main St Onramp Nicholson Ave,https://cwwp2.dot.ca.gov/data/d5/cctv/image/sr101eastmainstonrampnicholsonave/sr101eastmainstonrampnicholsonave.jpg?_=1771278602,242
-120.485058,35.036463,US-101: West Tefft St,https://cwwp2.dot.ca.gov/data/d5/cctv/image/us101westtefftst/us101westtefftst.jpg?_=1771278602,359
-120.417208,34.952874,US-101: East Main St Exit Bradley Rd,https://cwwp2.dot.ca.gov/data/d5/cctv/image/us101eastmainstexitbradleyrd/us101eastmainstexitbradleyrd.jpg?_=1771278602,243
-120.46846,35.02156,US-101: South of Tefft St,https://cwwp2.dot.ca.gov/data/d5/cctv/image/us101southoftefftst/us101southoftefftst.jpg?_=1771278602,301
-118.92301,34.912901,KER-5-AT TRUCK ESCAPE RAMP (SHOULDER),https://cwwp2.dot.ca.gov/data/d6/cctv/image/ker5attruckescaperampshoulder/ker5attruckescaperampshoulder.jpg?_=1771278602,2157
-118.92381,34.921729,KER-5-AT TRUCK ESCAPE RAMP(MEDIAN),https://cwwp2.dot.ca.gov/data/d6/cctv/image/ker5attruckescaperampmedian/ker5attruckescaperampmedian.jpg?_=1771278602,1978
-118.930646,34.939257,KER-5-AT GRAPEVINE UC,https://cwwp2.dot.ca.gov/data/d6/cctv/image/ker5atgrapevineuc/ker5atgrapevineuc.jpg?_=1771278602,1540
-118.955002,35.018232,KER-5-AT RTE 99,https://cwwp2.dot.ca.gov/data/d6/cctv/image/ker5atrte99/ker5atrte99.jpg?_=1771278602,851
-119.228696,35.271401,KER-5-N/O RTE 119,https://cwwp2.dot.ca.gov/data/d6/cctv/image/ker5norte119/ker5norte119.jpg?_=1771278602,312
-119.2876,35.320279,KER-5-N/O RTE 43,https://cwwp2.dot.ca.gov/data/d6/cctv/image/ker5norte43/ker5norte43.jpg?_=1771278602,311
-119.419989,35.415128,KER-5-N/O RTE 58,https://cwwp2.dot.ca.gov/data/d6/cctv/image/ker5norte58/ker5norte58.jpg?_=1771278602,296
-119.626532,35.58653,KER-5-S/O RTE 46,https://cwwp2.dot.ca.gov/data/d6/cctv/image/ker5sorte46/ker5sorte46.jpg?_=1771278602,240
-120.630048,36.648405,FRE-5-N/O PANOCHE ROAD,https://cwwp2.dot.ca.gov/data/d6/cctv/image/fre5nopanocheroad/fre5nopanocheroad.jpg?_=1771278602,471
-120.39393,36.43614,FRE-5-AT RTE 33,https://cwwp2.dot.ca.gov/data/d6/cctv/image/fre5atrte33/fre5atrte33.jpg?_=1771278602,491
-119.785139,36.719132,FRE-41-AT RTE 99 IC,https://cwwp2.dot.ca.gov/data/d6/cctv/image/fre41atrte99ic/fre41atrte99ic.jpg?_=1771278602,299
-119.776917,36.74348,FRE-41-AT TULARE AVE,https://cwwp2.dot.ca.gov/data/d6/cctv/image/fre41attulareave/fre41attulareave.jpg?_=1771278602,272
-119.775288,36.757485,FRE-41-JNO RTE 180,https://cwwp2.dot.ca.gov/data/d6/cctv/image/fre41jnorte180/fre41jnorte180.jpg?_=1771278602,326
-119.779082,36.766982,FRE-41-AT MCKINLEY AVE,https://cwwp2.dot.ca.gov/data/d6/cctv/image/fre41atmckinleyave/fre41atmckinleyave.jpg?_=1771278602,323
-119.784236,36.782274,FRE-41-AT SHIELDS AVE,https://cwwp2.dot.ca.gov/data/d6/cctv/image/fre41atshieldsave/fre41atshieldsave.jpg?_=1771278602,322
-119.785289,36.793958,FRE-41-AT ASHLAN AVE,https://cwwp2.dot.ca.gov/data/d6/cctv/image/fre41atashlanave/fre41atashlanave.jpg?_=1771278602,312
-119.785747,36.808356,FRE-41-AT SHAW AVE,https://cwwp2.dot.ca.gov/data/d6/cctv/image/fre41atshawave/fre41atshawave.jpg?_=1771278602,322
-119.785675,36.82281,FRE-41-AT BULLARD AVE,https://cwwp2.dot.ca.gov/data/d6/cctv/image/fre41atbullardave/fre41atbullardave.jpg?_=1771278602,335
-119.785347,36.837761,FRE-41-AT HERNDON AVE,https://cwwp2.dot.ca.gov/data/d6/cctv/image/fre41atherndonave/fre41atherndonave.jpg?_=1771278602,361
-119.789528,36.854807,FRE-41-AT FRIANT RD,https://cwwp2.dot.ca.gov/data/d6/cctv/image/fre41atfriantrd/fre41atfriantrd.jpg?_=1771278602,378
-119.793455,36.893003,MAD-41-AT VALLEY CHILDRENS BLVD,https://cwwp2.dot.ca.gov/data/d6/cctv/image/mad41atvalleychildrensblvd/mad41atvalleychildrensblvd.jpg?_=1771278602,375
-119.6558,37.331009,MAD-41-AT RTE 49,https://cwwp2.dot.ca.gov/data/d6/cctv/image/mad41atrte49/mad41atrte49.jpg?_=1771278602,2264
-119.035789,35.317488,KER-99-AT WHITE LANE,https://cwwp2.dot.ca.gov/data/d6/cctv/image/ker99atwhitelane/ker99atwhitelane.jpg?_=1771278602,373
-119.044588,35.399757,KER-99-AT AIRPORT DR,https://cwwp2.dot.ca.gov/data/d6/cctv/image/ker99atairportdr/ker99atairportdr.jpg?_=1771278602,408
-119.073416,35.431686,KER-99-JNO RTE 65,https://cwwp2.dot.ca.gov/data/d6/cctv/image/ker99jnorte65/ker99jnorte65.jpg?_=1771278602,449
-119.328243,36.211044,TUL-99-AT RTE 137,https://cwwp2.dot.ca.gov/data/d6/cctv/image/tul99atrte137/tul99atrte137.jpg?_=1771278602,282
-119.40655,36.32586,TUL-99-JSO RTE 198,https://cwwp2.dot.ca.gov/data/d6/cctv/image/tul99jsorte198/tul99jsorte198.jpg?_=1771278602,292
-119.52455,36.49338,TUL-99-N/O AVE 384,https://cwwp2.dot.ca.gov/data/d6/cctv/image/tul99noave384/tul99noave384.jpg?_=1771278602,292
-119.543668,36.503413,TUL-99-S/O 18TH AVE,https://cwwp2.dot.ca.gov/data/d6/cctv/image/tul99so18thave/tul99so18thave.jpg?_=1771278602,295
-119.56135,36.518117,FRE-99-AT RTE 201,https://cwwp2.dot.ca.gov/data/d6/cctv/image/fre99atrte201/fre99atrte201.jpg?_=1771278602,318
-119.573663,36.527667,FRE-99-S/O BETHEL AVE,https://cwwp2.dot.ca.gov/data/d6/cctv/image/fre99sobethelave/fre99sobethelave.jpg?_=1771278602,302
-119.591125,36.542398,FRE-99-S/O MT VIEW AVE,https://cwwp2.dot.ca.gov/data/d6/cctv/image/fre99somtviewave/fre99somtviewave.jpg?_=1771278602,306
-119.602536,36.552055,FRE-99-N/O MT VIEW AVE,https://cwwp2.dot.ca.gov/data/d6/cctv/image/fre99nomtviewave/fre99nomtviewave.jpg?_=1771278602,302
-119.644627,36.589866,FRE-99-S/O MANNING AVE,https://cwwp2.dot.ca.gov/data/d6/cctv/image/fre99somanningave/fre99somanningave.jpg?_=1771278602,312
-119.662885,36.606561,FRE-99-N/O MANNING AVE,https://cwwp2.dot.ca.gov/data/d6/cctv/image/fre99nomanningave/fre99nomanningave.jpg?_=1771278602,308
-119.677169,36.619635,FRE-99-S/O MERCED ST,https://cwwp2.dot.ca.gov/data/d6/cctv/image/fre99somercedst/fre99somercedst.jpg?_=1771278602,304
-119.700365,36.640869,FRE-99-AT CLOVIS AVE,https://cwwp2.dot.ca.gov/data/d6/cctv/image/fre99atclovisave/fre99atclovisave.jpg?_=1771278602,320
-119.736589,36.674234,FRE-99-AT CHESTNUT AVE,https://cwwp2.dot.ca.gov/data/d6/cctv/image/fre99atchestnutave/fre99atchestnutave.jpg?_=1771278602,297
-119.774021,36.707221,FRE-99-AT JENSEN AVE,https://cwwp2.dot.ca.gov/data/d6/cctv/image/fre99atjensenave/fre99atjensenave.jpg?_=1771278602,306
-119.814808,36.741296,FRE-180-JEO RTE 99,https://cwwp2.dot.ca.gov/data/d6/cctv/image/fre180jeorte99/fre180jeorte99.jpg?_=1771278602,301
-119.825098,36.749938,FRE-99-AT BELMONT AVE,https://cwwp2.dot.ca.gov/data/d6/cctv/image/fre99atbelmontave/fre99atbelmontave.jpg?_=1771278602,293
-119.838248,36.772055,FRE-99-AT CLINTON AVE,https://cwwp2.dot.ca.gov/data/d6/cctv/image/fre99atclintonave/fre99atclintonave.jpg?_=1771278602,330
-119.865732,36.793502,FRE-99-AT ASHLAN AVE,https://cwwp2.dot.ca.gov/data/d6/cctv/image/fre99atashlanave/fre99atashlanave.jpg?_=1771278602,278
-119.886741,36.807656,FRE-99-AT SHAW AVE,https://cwwp2.dot.ca.gov/data/d6/cctv/image/fre99atshawave/fre99atshawave.jpg?_=1771278602,282
-119.917525,36.832008,FRE-99-AT HERNDON AVE,https://cwwp2.dot.ca.gov/data/d6/cctv/image/fre99atherndonave/fre99atherndonave.jpg?_=1771278602,313
-120.021329,36.923725,MAD-99-AT AVE 12,https://cwwp2.dot.ca.gov/data/d6/cctv/image/mad99atave12/mad99atave12.jpg?_=1771278602,310
-120.07601,36.974797,MAD-99-AT CLEVELAND AVE,https://cwwp2.dot.ca.gov/data/d6/cctv/image/mad99atclevelandave/mad99atclevelandave.jpg?_=1771278602,268
-120.1857,37.06572,MAD-99-AT AVE 21 1/2,https://cwwp2.dot.ca.gov/data/d6/cctv/image/mad99atave2112/mad99atave2112.jpg?_=1771278602,280
-120.213459,37.088719,MAD-99-AT CALIFA OH,https://cwwp2.dot.ca.gov/data/d6/cctv/image/mad99atcalifaoh/mad99atcalifaoh.jpg?_=1771278602,274
-120.26891,36.29459,FRE-5-AT RTE 33/145 SEP,https://cwwp2.dot.ca.gov/data/d6/cctv/image/fre5atrte33145sep/fre5atrte33145sep.jpg?_=1771278602,529
-120.060533,36.70575,FRE-145-AT JENSEN AVE,https://cwwp2.dot.ca.gov/data/d6/cctv/image/fre145atjensenave/fre145atjensenave.jpg?_=1771278602,215
-120.209768,37.083711,MAD-99-AT RTE 152,https://cwwp2.dot.ca.gov/data/d6/cctv/image/mad99atrte152/mad99atrte152.jpg?_=1771278602,247
-119.755769,36.755732,FRE-180-JWO CEDAR AVE,https://cwwp2.dot.ca.gov/data/d6/cctv/image/fre180jwocedarave/fre180jwocedarave.jpg?_=1771278602,308
-119.749632,36.761689,FRE-168-AT FLORADORA AVE,https://cwwp2.dot.ca.gov/data/d6/cctv/image/fre168atfloradoraave/fre168atfloradoraave.jpg?_=1771278602,336
-119.749637,36.779787,FRE-168-AT SHIELDS AVE,https://cwwp2.dot.ca.gov/data/d6/cctv/image/fre168atshieldsave/fre168atshieldsave.jpg?_=1771278602,322
-119.733661,36.808948,FRE-168-AT SHAW AVE,https://cwwp2.dot.ca.gov/data/d6/cctv/image/fre168atshawave/fre168atshawave.jpg?_=1771278602,366
-119.717895,36.823251,FRE-168-AT BULLARD AVE,https://cwwp2.dot.ca.gov/data/d6/cctv/image/fre168atbullardave/fre168atbullardave.jpg?_=1771278602,353
-119.703799,36.837691,FRE-168-AT HERNDON AVE,https://cwwp2.dot.ca.gov/data/d6/cctv/image/fre168atherndonave/fre168atherndonave.jpg?_=1771278602,388
-119.684304,36.84127,FRE-168-AT FOWLER AVE,https://cwwp2.dot.ca.gov/data/d6/cctv/image/fre168atfowlerave/fre168atfowlerave.jpg?_=1771278602,377
-119.663866,36.843532,FRE-168-AT TEMPERANCE AVE,https://cwwp2.dot.ca.gov/data/d6/cctv/image/fre168attemperanceave/fre168attemperanceave.jpg?_=1771278602,412
-119.817837,36.740637,FRE-180-JWO RTE 99,https://cwwp2.dot.ca.gov/data/d6/cctv/image/fre180jworte99/fre180jworte99.jpg?_=1771278602,314
-119.747038,36.755217,FRE-180-AT RTE 168,https://cwwp2.dot.ca.gov/data/d6/cctv/image/fre180atrte168/fre180atrte168.jpg?_=1771278602,325
-119.736733,36.755041,FRE-180-AT CHESTNUT AVE,https://cwwp2.dot.ca.gov/data/d6/cctv/image/fre180atchestnutave/fre180atchestnutave.jpg?_=1771278602,337
-119.718551,36.753731,FRE-180-AT PEACH AVE,https://cwwp2.dot.ca.gov/data/d6/cctv/image/fre180atpeachave/fre180atpeachave.jpg?_=1771278602,317
-119.700569,36.753187,FRE-180-AT CLOVIS AVE,https://cwwp2.dot.ca.gov/data/d6/cctv/image/fre180atclovisave/fre180atclovisave.jpg?_=1771278602,328
-119.862069,36.735694,FRE-180-AT BRAWLEY AVE,https://cwwp2.dot.ca.gov/data/d6/cctv/image/fre180atbrawleyave/fre180atbrawleyave.jpg?_=1771278602,274
-119.844907,36.738642,FRE-180-AT MARKS AVE,https://cwwp2.dot.ca.gov/data/d6/cctv/image/fre180atmarksave/fre180atmarksave.jpg?_=1771278602,303
-119.769692,36.754575,FRE-180-JEO 1ST ST,https://cwwp2.dot.ca.gov/data/d6/cctv/image/fre180jeo1stst/fre180jeo1stst.jpg?_=1771278602,326
-119.682332,36.753464,FRE-180-AT FOWLER AVE,https://cwwp2.dot.ca.gov/data/d6/cctv/image/fre180atfowlerave/fre180atfowlerave.jpg?_=1771278602,360
-119.664336,36.740114,FRE-180-AT TEMPERANCE AVE,https://cwwp2.dot.ca.gov/data/d6/cctv/image/fre180attemperanceave/fre180attemperanceave.jpg?_=1771278602,360
-119.390189,36.327579,TUL-198-AT PLAZA DR,https://cwwp2.dot.ca.gov/data/d6/cctv/image/tul198atplazadr/tul198atplazadr.jpg?_=1771278602,314
-119.349301,36.32745,TUL-198-AT AKERS ST,https://cwwp2.dot.ca.gov/data/d6/cctv/image/tul198atakersst/tul198atakersst.jpg?_=1771278602,334
-120.10212,36.07638,FRE-5-AT RTE 269,https://cwwp2.dot.ca.gov/data/d6/cctv/image/fre5atrte269/fre5atrte269.jpg?_=1771278602,576
-119.40925,36.32909,TUL-99-JNO RTE 198,https://cwwp2.dot.ca.gov/data/d6/cctv/image/tul99jnorte198/tul99jnorte198.jpg?_=1771278602,261
-119.808154,36.281662,KIN-41-AT RTE 198,https://cwwp2.dot.ca.gov/data/d6/cctv/image/kin41atrte198/kin41atrte198.jpg?_=1771278602,223
-119.02655,35.281382,KER-99-AT HOSKING AVE,https://cwwp2.dot.ca.gov/data/d6/cctv/image/ker99athoskingave/ker99athoskingave.jpg?_=1771278602,355
-119.345497,36.240244,TUL-99-AT CARTMILL AVE,https://cwwp2.dot.ca.gov/data/d6/cctv/image/tul99atcartmillave/tul99atcartmillave.jpg?_=1771278602,287
-119.793146,36.880665,MAD-41-AT AVE 9,https://cwwp2.dot.ca.gov/data/d6/cctv/image/mad41atave9/mad41atave9.jpg?_=1771278602,309
-119.946844,36.85156,MAD-99-AT AVE 7,https://cwwp2.dot.ca.gov/data/d6/cctv/image/mad99atave7/mad99atave7.jpg?_=1771278602,289
-119.67307,36.31858,KIN-198-AT 12TH AVE,https://cwwp2.dot.ca.gov/data/d6/cctv/image/kin198at12thave/kin198at12thave.jpg?_=1771278602,224
-120.056486,36.953204,MAD-99-AT RTE 145,https://cwwp2.dot.ca.gov/data/d6/cctv/image/mad99atrte145/mad99atrte145.jpg?_=1771278602,269
-120.04833,36.94908,MAD-99-AT GATEWAY DR,https://cwwp2.dot.ca.gov/data/d6/cctv/image/mad99atgatewaydr/mad99atgatewaydr.jpg?_=1771278602,268
-119.02144,35.352709,KER-58-AT H ST,https://cwwp2.dot.ca.gov/data/d6/cctv/image/ker58athst/ker58athst.jpg?_=1771278602,367
-120.215415,36.209442,FRE-5-S/O RTE 198,https://cwwp2.dot.ca.gov/data/d6/cctv/image/fre5sorte198/fre5sorte198.jpg?_=1771278602,451
-119.513087,37.037251,FRE-168-AT PRATHER ROUNDABOUT,https://cwwp2.dot.ca.gov/data/d6/cctv/image/fre168atpratherroundabout/fre168atpratherroundabout.jpg?_=1771278602,1651
-119.2029,35.57977,KER-99-S/O RTE 46,https://cwwp2.dot.ca.gov/data/d6/cctv/image/ker99sorte46/ker99sorte46.jpg?_=1771278602,441
-118.87969,35.39872,KER-178-JEO RTE 184,https://cwwp2.dot.ca.gov/data/d6/cctv/image/ker178jeorte184/ker178jeorte184.jpg?_=1771278602,740
-119.00328,35.35242,KER-58-AT UNION AVE,https://cwwp2.dot.ca.gov/data/d6/cctv/image/ker58atunionave/ker58atunionave.jpg?_=1771278602,369
-118.882016,34.817709,LA-5-AT LEBEC (FRAZIER),https://cwwp2.dot.ca.gov/data/d6/cctv/image/la5atlebecfrazier/la5atlebecfrazier.jpg?_=1771278602,3840
-119.030221,35.295609,KER-99-AT PANAMA LANE,https://cwwp2.dot.ca.gov/data/d6/cctv/image/ker99atpanamalane/ker99atpanamalane.jpg?_=1771278602,363
-119.51861,36.4898,TUL-99-AT DODGE AVE (AVE 384),https://cwwp2.dot.ca.gov/data/d6/cctv/image/tul99atdodgeaveave384/tul99atdodgeaveave384.jpg?_=1771278602,303
-119.490425,36.452207,TUL-99-AT MERRIT DR,https://cwwp2.dot.ca.gov/data/d6/cctv/image/tul99atmerritdr/tul99atmerritdr.jpg?_=1771278602,286
-119.55661,36.7363,FRE-180-AT ACADEMY AVE,https://cwwp2.dot.ca.gov/data/d6/cctv/image/fre180atacademyave/fre180atacademyave.jpg?_=1771278602,385
-119.76093,36.75556,FRE-180-WB 168 TO WB 180 RAMP,https://cwwp2.dot.ca.gov/data/d6/cctv/image/fre180wb168towb180ramp/fre180wb168towb180ramp.jpg?_=1771278602,320
-118.93702,36.04722,TUL-190-AT ROAD 284,https://cwwp2.dot.ca.gov/data/d6/cctv/image/tul190atroad284/tul190atroad284.jpg?_=1771278602,533
-119.58047,36.53339,FRE-99-N/O BETHEL AVE,https://cwwp2.dot.ca.gov/data/d6/cctv/image/fre99nobethelave/fre99nobethelave.jpg?_=1771278602,298
-120.24457,36.25428,FRE-198-AT RTE 5,https://cwwp2.dot.ca.gov/data/d6/cctv/image/fre198atrte5/fre198atrte5.jpg?_=1771278602,500
-119.846928,36.780327,FRE-99-AT SHIELDS AVE,https://cwwp2.dot.ca.gov/data/d6/cctv/image/fre99atshieldsave/fre99atshieldsave.jpg?_=1771278602,298
-119.25138,35.76942,KER-99-AT 11TH AVE,https://cwwp2.dot.ca.gov/data/d6/cctv/image/ker99at11thave/ker99at11thave.jpg?_=1771278602,306
-119.211476,35.60205,KER-99-AT RTE 46,https://cwwp2.dot.ca.gov/data/d6/cctv/image/ker99atrte46/ker99atrte46.jpg?_=1771278602,420
-119.426939,36.350968,TUL-99-AT BETTY DR,https://cwwp2.dot.ca.gov/data/d6/cctv/image/tul99atbettydr/tul99atbettydr.jpg?_=1771278602,263
-119.867974,35.615273,KER-46-AT RTE 33,https://cwwp2.dot.ca.gov/data/d6/cctv/image/ker46atrte33/ker46atrte33.jpg?_=1771278602,646
-119.6945,36.31363,KIN-198-AT HANFORD ARMONA (13TH AVE),https://cwwp2.dot.ca.gov/data/d6/cctv/image/kin198athanfordarmona13thave/kin198athanfordarmona13thave.jpg?_=1771278602,231
-119.065565,35.371215,KER-58-AT MOHAWK ST,https://cwwp2.dot.ca.gov/data/d6/cctv/image/ker58atmohawkst/ker58atmohawkst.jpg?_=1771278602,390
-118.932588,35.352313,KER-58-AT FAIRFAX RD,https://cwwp2.dot.ca.gov/data/d6/cctv/image/ker58atfairfaxrd/ker58atfairfaxrd.jpg?_=1771278602,394
-118.96773,35.35317,KER-58-AT MT VERNON AVE,https://cwwp2.dot.ca.gov/data/d6/cctv/image/ker58atmtvernonave/ker58atmtvernonave.jpg?_=1771278602,385
-119.497949,36.735012,FRE-180-AT OLIVER AVE,https://cwwp2.dot.ca.gov/data/d6/cctv/image/fre180atoliverave/fre180atoliverave.jpg?_=1771278602,401
-119.455833,36.724255,FRE-180-AT REED AVE,https://cwwp2.dot.ca.gov/data/d6/cctv/image/fre180atreedave/fre180atreedave.jpg?_=1771278602,399
-119.04225,35.36857,KER-99-AT CALIFORNIA AVE,https://cwwp2.dot.ca.gov/data/d6/cctv/image/ker99atcaliforniaave/ker99atcaliforniaave.jpg?_=1771278602,418
-119.04485,35.38363,KER-99-AT ROSEDALE HWY (ROUTE 178),https://cwwp2.dot.ca.gov/data/d6/cctv/image/ker99atrosedalehwyroute178/ker99atrosedalehwyroute178.jpg?_=1771278602,430
-119.03023,35.35219,KER-58-AT HUGHES LN,https://cwwp2.dot.ca.gov/data/d6/cctv/image/ker58athughesln/ker58athughesln.jpg?_=1771278602,390
-119.03919,35.33812,KER-99-S/O MING AVE,https://cwwp2.dot.ca.gov/data/d6/cctv/image/ker99somingave/ker99somingave.jpg?_=1771278602,381
-118.99046,35.3522,KER-58-W/O MLK JR BLVD,https://cwwp2.dot.ca.gov/data/d6/cctv/image/ker58womlkjrblvd/ker58womlkjrblvd.jpg?_=1771278602,417
-120.03648,36.93836,MAD-99-AT AVE 13,https://cwwp2.dot.ca.gov/data/d6/cctv/image/mad99atave13/mad99atave13.jpg?_=1771278602,266
-120.10301,36.99634,MAD-99-AT AVE 17,https://cwwp2.dot.ca.gov/data/d6/cctv/image/mad99atave17/mad99atave17.jpg?_=1771278602,280
-119.3502,35.36537,KER-5-S/O RTE 58,https://cwwp2.dot.ca.gov/data/d6/cctv/image/ker5sorte58/ker5sorte58.jpg?_=1771278602,297
-119.00316,35.36444,KER-204-AT 8TH ST,https://cwwp2.dot.ca.gov/data/d6/cctv/image/ker204at8thst/ker204at8thst.jpg?_=1771278602,399
-119.90473,36.82055,FRE-99-AT VETERANS BLVD,https://cwwp2.dot.ca.gov/data/d6/cctv/image/fre99atveteransblvd/fre99atveteransblvd.jpg?_=1771278602,299
-119.0032,35.17012,KER-99-AT UNION AVE,https://cwwp2.dot.ca.gov/data/d6/cctv/image/ker99atunionave/ker99atunionave.jpg?_=1771278602,288
-119.010659,35.208613,KER-99-AT RTE 223,https://cwwp2.dot.ca.gov/data/d6/cctv/image/ker99atrte223/ker99atrte223.jpg?_=1771278602,314
-120.58512,36.60465,FRE-5-AT MANNING AVE,https://cwwp2.dot.ca.gov/data/d6/cctv/image/fre5atmanningave/fre5atmanningave.jpg?_=1771278602,611
-120.48757,36.53102,FRE-5-AT KAMM AVE,https://cwwp2.dot.ca.gov/data/d6/cctv/image/fre5atkammave/fre5atkammave.jpg?_=1771278602,603
-118.80744,35.33009,KER-58-AT TOWERLINE RD,https://cwwp2.dot.ca.gov/data/d6/cctv/image/ker58attowerlinerd/ker58attowerlinerd.jpg?_=1771278602,809
-120.72377,36.77821,FRE-5-SHIELDS AVE,https://cwwp2.dot.ca.gov/data/d6/cctv/image/fre5shieldsave/fre5shieldsave.jpg?_=1771278602,481
-118.91442,35.37606,KER-184-AT NILES ST,https://cwwp2.dot.ca.gov/data/d6/cctv/image/ker184atnilesst/ker184atnilesst.jpg?_=1771278602,559
-119.40144,35.05851,KER-33-AT RTE 166,https://cwwp2.dot.ca.gov/data/d6/cctv/image/ker33atrte166/ker33atrte166.jpg?_=1771278602,885
-118.91848,37.64111,SR-203 : Mammoth Mountain,https://cwwp2.dot.ca.gov/data/d9/cctv/image/sr203mammothmountain/sr203mammothmountain.jpg?_=1771278602,7331
-119.181251,38.08782,US-395 : Conway Summit,https://cwwp2.dot.ca.gov/data/d9/cctv/image/us395conwaysummit/us395conwaysummit.jpg?_=1771278602,8151
-117.946836,36.04605,US-395 : Coso Rest Area,https://cwwp2.dot.ca.gov/data/d9/cctv/image/us395cosorestarea/us395cosorestarea.jpg?_=1771278602,3383
-118.47842,37.84225,US-6 : State Line,https://cwwp2.dot.ca.gov/data/d9/cctv/image/us6stateline/us6stateline.jpg?_=1771278602,5465
-118.06649,36.61399,US-395 : Lone Pine 1,https://cwwp2.dot.ca.gov/data/d9/cctv/image/us395lonepine1/us395lonepine1.jpg?_=1771278602,3720
-117.86918,35.72336,US-395 : North of SR-14 1,https://cwwp2.dot.ca.gov/data/d9/cctv/image/us395northofsr141/us395northofsr141.jpg?_=1771278602,2511
-117.86918,35.72336,US-395 : North of SR-14 2,https://cwwp2.dot.ca.gov/data/d9/cctv/image/us395northofsr142/us395northofsr142.jpg?_=1771278602,2511
-117.86918,35.72336,US-395 : North of SR-14 4,https://cwwp2.dot.ca.gov/data/d9/cctv/image/us395northofsr144/us395northofsr144.jpg?_=1771278602,2511
-117.86918,35.72336,US-395 : North of SR-14 3,https://cwwp2.dot.ca.gov/data/d9/cctv/image/us395northofsr143/us395northofsr143.jpg?_=1771278602,2511
-118.21202,35.11736,SR-58 : Cache Creek,https://cwwp2.dot.ca.gov/data/d9/cctv/image/sr58cachecreek/sr58cachecreek.jpg?_=1771278602,3400
-118.15893,34.98746,SR-14 : Silver Queen Road,https://cwwp2.dot.ca.gov/data/d9/cctv/image/sr14silverqueenroad/sr14silverqueenroad.jpg?_=1771278602,2635
-117.88262,35.6419,SR-14 : SR-178 Inyokern,https://cwwp2.dot.ca.gov/data/d9/cctv/image/sr14sr178inyokern/sr14sr178inyokern.jpg?_=1771278602,3019
-118.52189,35.2006,SR-58 : Broome Road,https://cwwp2.dot.ca.gov/data/d9/cctv/image/sr58broomeroad/sr58broomeroad.jpg?_=1771278602,3110
-118.41069,35.1254,SR-58 : Tehachapi Summit,https://cwwp2.dot.ca.gov/data/d9/cctv/image/sr58tehachapisummit/sr58tehachapisummit.jpg?_=1771278602,4057
-118.30306,35.09684,SR-58 : Cameron Road,,3873
-118.98329,37.75146,US-395 : Crestview,https://cwwp2.dot.ca.gov/data/d9/cctv/image/us395crestview/us395crestview.jpg?_=1771278602,7514
-118.6774,37.56213,US-395 : Tom's Place,,7040
-118.78405,37.58796,US-395 : McGee Creek Road,https://cwwp2.dot.ca.gov/data/d9/cctv/image/us395mcgeecreekroad/us395mcgeecreekroad.jpg?_=1771278602,6908
-119.01401,37.77493,US-395 : Obsidian Dome,https://cwwp2.dot.ca.gov/data/d9/cctv/image/us395obsidiandome/us395obsidiandome.jpg?_=1771278602,8016
-118.4554166,37.7550303,US-6 : Matthieu Hill Summit,,5187
-118.731969,37.574298,US-395 : Crowley Lake,https://cwwp2.dot.ca.gov/data/d9/cctv/image/us395crowleylake/us395crowleylake.jpg?_=1771278602,6883
-121.19062,37.79376,7 - SB SR 99 North Of SR 120,https://cwwp2.dot.ca.gov/data/d10/cctv/image/7sbsr99northofsr120/7sbsr99northofsr120.jpg?_=1771278602,47
-120.91585,37.55603,14 - NB SR 99 S/O Faith Home Rd OC,https://cwwp2.dot.ca.gov/data/d10/cctv/image/14nbsr99sofaithhomerdoc/14nbsr99sofaithhomerdoc.jpg?_=1771278602,95
-120.48915,37.29878,17 - SB SR-99 N/O SR- 59/MLK Blvd,https://cwwp2.dot.ca.gov/data/d10/cctv/image/17sbsr99nosr59mlkblvd/17sbsr99nosr59mlkblvd.jpg?_=1771278602,183
-120.82124,37.46322,18 - NB SR 99 South Of Merced Cnty Line,https://cwwp2.dot.ca.gov/data/d10/cctv/image/18nbsr99southofmercedcntyline/18nbsr99southofmercedcntyline.jpg?_=1771278602,109
-120.68083,37.37426,19 - NB SR 99 South of Sultana Drive,https://cwwp2.dot.ca.gov/data/d10/cctv/image/19nbsr99southofsultanadrive/19nbsr99southofsultanadrive.jpg?_=1771278602,155
-121.13316,37.74673,20 - NB SR 99 Before Milgeo Avenue OC,https://cwwp2.dot.ca.gov/data/d10/cctv/image/20nbsr99beforemilgeoavenueoc/20nbsr99beforemilgeoavenueoc.jpg?_=1771278602,66
-121.19119,37.79788,29 - NB SR-99 SR-120 and Yosemite Ave,,65
-120.814329,37.459979,30 - SB SR 99 Griffith Road OC,https://cwwp2.dot.ca.gov/data/d10/cctv/image/30sbsr99griffithroadoc/30sbsr99griffithroadoc.jpg?_=1771278602,106
-120.97124,37.60444,31 - NB SR 99 South of Hatch Road,https://cwwp2.dot.ca.gov/data/d10/cctv/image/31nbsr99southofhatchroad/31nbsr99southofhatchroad.jpg?_=1771278602,94
-121.09224,37.71521,32 - SB SR 99 Kiernan Avenue,https://cwwp2.dot.ca.gov/data/d10/cctv/image/32sbsr99kiernanavenue/32sbsr99kiernanavenue.jpg?_=1771278602,67
-119.9731,37.49408,35 - EB SR 140 Mariposa,https://cwwp2.dot.ca.gov/data/d10/cctv/image/35ebsr140mariposa/35ebsr140mariposa.jpg?_=1771278602,2090
-119.95044,37.57784,36 - EB SR 140 Midpines,https://cwwp2.dot.ca.gov/data/d10/cctv/image/36ebsr140midpines/36ebsr140midpines.jpg?_=1771278602,2217
-120.66164,37.36499,37 - SB SR 99 North of Westside Blvd,https://cwwp2.dot.ca.gov/data/d10/cctv/image/37sbsr99northofwestsideblvd/37sbsr99northofwestsideblvd.jpg?_=1771278602,142
-121.16804,37.76682,40 - SB SR 99 Austin Road,https://cwwp2.dot.ca.gov/data/d10/cctv/image/40sbsr99austinroad/40sbsr99austinroad.jpg?_=1771278602,49
-120.80324,37.45471,42 - SB SR-99 Griffith Rd RWIS,https://cwwp2.dot.ca.gov/data/d10/cctv/image/42sbsr99griffithrdrwis/42sbsr99griffithrdrwis.jpg?_=1771278602,110
-121.08166,37.70899,43 - SB SR-219/Kiernan Ave,https://cwwp2.dot.ca.gov/data/d10/cctv/image/43sbsr219kiernanave/43sbsr219kiernanave.jpg?_=1771278602,73
-120.653396,37.362507,50 - NB SR-99 Westside Blvd RWIS Test,https://cwwp2.dot.ca.gov/data/d10/cctv/image/50nbsr99westsideblvdrwistest/50nbsr99westsideblvdrwistest.jpg?_=1771278602,156
-121.023247,37.115586,52 - SB I-5 N/O Santa Nella,https://cwwp2.dot.ca.gov/data/d10/cctv/image/52sbi5nosantanella/52sbi5nosantanella.jpg?_=1771278602,162
-121.06008,37.06207,53 - EB SR-152 San Luis Res,https://cwwp2.dot.ca.gov/data/d10/cctv/image/53ebsr152sanluisres/53ebsr152sanluisres.jpg?_=1771278602,253
-120.82486,37.46461,55 - NB SR-99 Turlock Rest Stop RWIS/OUT,,107
-120.6834,37.37463,56 - SB SR-99 Livingston RWIS,https://cwwp2.dot.ca.gov/data/d10/cctv/image/56sbsr99livingstonrwis/56sbsr99livingstonrwis.jpg?_=1771278602,142
-120.91982,37.55949,57 - NB SR-99 Faith Home Road,https://cwwp2.dot.ca.gov/data/d10/cctv/image/57nbsr99faithhomeroad/57nbsr99faithhomeroad.jpg?_=1771278602,94
-120.36266,37.2131,64 - NB SR-99 S/O Le Grand Rd RWIS,https://cwwp2.dot.ca.gov/data/d10/cctv/image/64nbsr99solegrandrdrwis/64nbsr99solegrandrdrwis.jpg?_=1771278602,204
-120.40295,37.24494,65 - NB SR-99 S/O Mariposa Way RWIS,,191
-120.35643,37.20795,66 - NB SR-99 N/O Deadman's Creek,https://cwwp2.dot.ca.gov/data/d10/cctv/image/66nbsr99nodeadmanscreek/66nbsr99nodeadmanscreek.jpg?_=1771278602,209
-120.36848,37.21889,67 - NB SR-99 S/O Le Grand Rd,https://cwwp2.dot.ca.gov/data/d10/cctv/image/67nbsr99solegrandrd/67nbsr99solegrandrd.jpg?_=1771278602,200
-120.40287,37.24484,68 - NB SR-99 S/O Mariposa Way,https://cwwp2.dot.ca.gov/data/d10/cctv/image/68nbsr99somariposaway/68nbsr99somariposaway.jpg?_=1771278602,191
-120.40916,37.24918,69 - SB SR-99 S/O Mariposa Creek,https://cwwp2.dot.ca.gov/data/d10/cctv/image/69sbsr99somariposacreek/69sbsr99somariposacreek.jpg?_=1771278602,194
-120.3539631,37.2958525,140 - SR 140 @ Planada,https://cwwp2.dot.ca.gov/data/d10/cctv/image/140sr140planada/140sr140planada.jpg?_=1771278602,214
-121.03818,37.7113,78 - EB SR-219 W/O Morrow Road,https://cwwp2.dot.ca.gov/data/d10/cctv/image/78ebsr219womorrowroad/78ebsr219womorrowroad.jpg?_=1771278602,91
-121.00101,37.71134,79 - WB SR 219 Pentecost Dr,https://cwwp2.dot.ca.gov/data/d10/cctv/image/79wbsr219pentecostdr/79wbsr219pentecostdr.jpg?_=1771278602,103
-121.18401,37.77865,80 - NB SR-99 S/O SR-120,https://cwwp2.dot.ca.gov/data/d10/cctv/image/80nbsr99sosr120/80nbsr99sosr120.jpg?_=1771278602,50
-120.34333,37.19752,85 - NB SR-99 S/O Buchanan Hollow Rd RWIS,https://cwwp2.dot.ca.gov/data/d10/cctv/image/85nbsr99sobuchananhollowrdrwis/85nbsr99sobuchananhollowrdrwis.jpg?_=1771278602,209
-120.29838,37.15954,83 - NB SR-99 Chowchilla Weigh Station,https://cwwp2.dot.ca.gov/data/d10/cctv/image/83nbsr99chowchillaweighstation/83nbsr99chowchillaweighstation.jpg?_=1771278602,230
-120.34332,37.19752,82 - NB SR-99 S/O Buchanan Hollow Rd,https://cwwp2.dot.ca.gov/data/d10/cctv/image/82nbsr99sobuchananhollowrd/82nbsr99sobuchananhollowrd.jpg?_=1771278602,209
-120.32208,37.18166,86 - NB SR-99 N/O Harvey Pettit Rd,https://cwwp2.dot.ca.gov/data/d10/cctv/image/86nbsr99noharveypettitrd/86nbsr99noharveypettitrd.jpg?_=1771278602,219
-121.07453,37.70364,87 - NB SR-99 S/O SR-219/Kiernan Ave,https://cwwp2.dot.ca.gov/data/d10/cctv/image/87nbsr99sosr219kiernanave/87nbsr99sosr219kiernanave.jpg?_=1771278602,73
-120.57656,37.33376,88 - SB SR-99 N/O Buhach Rd,https://cwwp2.dot.ca.gov/data/d10/cctv/image/88sbsr99nobuhachrd/88sbsr99nobuhachrd.jpg?_=1771278602,156
-120.56064,37.32835,89 - NB SR-99 S/O Atwater-Merced Expwy,https://cwwp2.dot.ca.gov/data/d10/cctv/image/89nbsr99soatwatermercedexpwy/89nbsr99soatwatermercedexpwy.jpg?_=1771278602,157
-121.07344,37.699394,91 - SB SR 99 Pelandale Ave,https://cwwp2.dot.ca.gov/data/d10/cctv/image/91sbsr99pelandaleave/91sbsr99pelandaleave.jpg?_=1771278602,72
-120.89897,37.54251,SB SR-99 Taylor Rd,,95
-120.90875,37.55032,96 - NB SR 99 Keyes Rd,,92
-120.95879,37.59361,98 - NB SR 99 Whitmore Ave,https://cwwp2.dot.ca.gov/data/d10/cctv/image/98nbsr99whitmoreave/98nbsr99whitmoreave.jpg?_=1771278602,93
-120.99324,37.61809,99 - SB SR 99 Crows Landing Rd,https://cwwp2.dot.ca.gov/data/d10/cctv/image/99sbsr99crowslandingrd/99sbsr99crowslandingrd.jpg?_=1771278602,78
-121.00156,37.63449,100 - SB SR 99 5th St,https://cwwp2.dot.ca.gov/data/d10/cctv/image/100sbsr995thst/100sbsr995thst.jpg?_=1771278602,66
-121.014578,37.644575,149 - NB SR 99 N/O Kansas Ave,https://cwwp2.dot.ca.gov/data/d10/cctv/image/149nbsr99nokansasave/149nbsr99nokansasave.jpg?_=1771278602,78
-121.03348,37.66758,102 - NB SR 99 Briggsmore Ave,https://cwwp2.dot.ca.gov/data/d10/cctv/image/102nbsr99briggsmoreave/102nbsr99briggsmoreave.jpg?_=1771278602,81
-121.05576,37.68618,103 - NB SR 99 Beckwith Ave,https://cwwp2.dot.ca.gov/data/d10/cctv/image/103nbsr99beckwithave/103nbsr99beckwithave.jpg?_=1771278602,70
-121.10572,37.72788,NB SR 99 Hammett Rd,https://cwwp2.dot.ca.gov/data/d10/cctv/image/nbsr99hammettrd/nbsr99hammettrd.jpg?_=1771278602,70
-121.18359,37.46735,105 - NB I-5 Del Puerto Canyon Rd,https://cwwp2.dot.ca.gov/data/d10/cctv/image/105nbi5delpuertocanyonrd/105nbi5delpuertocanyonrd.jpg?_=1771278602,288
-120.99654,37.62701,119 - NB SR 99 Tuolumne Blvd,https://cwwp2.dot.ca.gov/data/d10/cctv/image/119nbsr99tuolumneblvd/119nbsr99tuolumneblvd.jpg?_=1771278602,85
-120.50562,37.305011,120 - NB SR 99 16th St,https://cwwp2.dot.ca.gov/data/d10/cctv/image/120nbsr9916thst/120nbsr9916thst.jpg?_=1771278602,171
-120.94387,37.58033,97 - NB 99 Service Rd,https://cwwp2.dot.ca.gov/data/d10/cctv/image/97nb99servicerd/97nb99servicerd.jpg?_=1771278602,92
-121.165708,37.797571,122 - EB SR 120 Calla Rd,https://cwwp2.dot.ca.gov/data/d10/cctv/image/122ebsr120callard/122ebsr120callard.jpg?_=1771278602,53
-120.22456,37.83982,128 - Ferretti Rd Groveland,https://cwwp2.dot.ca.gov/data/d10/cctv/image/128ferrettirdgroveland/128ferrettirdgroveland.jpg?_=1771278602,2841
-120.930212,37.567958,148 - SB SR 99 S/O Mitchell,,96
-121.080406,37.213724,135 - NB I-5 S/O SR 140,https://cwwp2.dot.ca.gov/data/d10/cctv/image/135nbi5sosr140/135nbi5sosr140.jpg?_=1771278602,222
-121.11891,37.73814,139 - NB SR 99 Main Street,https://cwwp2.dot.ca.gov/data/d10/cctv/image/139nbsr99mainstreet/139nbsr99mainstreet.jpg?_=1771278602,67
-121.18775,37.785,152 - NB SR 99 Jct SR 120,https://cwwp2.dot.ca.gov/data/d10/cctv/image/152nbsr99jctsr120/152nbsr99jctsr120.jpg?_=1771278602,46
-120.87761,37.50696,94 - SB SR 99 Fulkerth Rd,https://cwwp2.dot.ca.gov/data/d10/cctv/image/94sbsr99fulkerthrd/94sbsr99fulkerthrd.jpg?_=1771278602,118
-121.14036,37.75105,155 - SB SR-99 Jack Tone Rd,https://cwwp2.dot.ca.gov/data/d10/cctv/image/155sbsr99jacktonerd/155sbsr99jacktonerd.jpg?_=1771278602,68
-121.01635,37.64552,101 - SB SR-99 Kansas Ave,https://cwwp2.dot.ca.gov/data/d10/cctv/image/101sbsr99kansasave/101sbsr99kansasave.jpg?_=1771278602,66
-120.69953,37.37936,SB SR-99 Hunter Rd,https://cwwp2.dot.ca.gov/data/d10/cctv/image/sbsr99hunterrd/sbsr99hunterrd.jpg?_=1771278602,139
-120.05672,37.81765,EB MPA 120 Buck Meadows,https://cwwp2.dot.ca.gov/data/d10/cctv/image/ebmpa120buckmeadows/ebmpa120buckmeadows.jpg?_=1771278602,3101
-120.99902,37.05664,EB SR 152 W/O I-5,https://cwwp2.dot.ca.gov/data/d10/cctv/image/ebsr152woi5/ebsr152woi5.jpg?_=1771278602,294
-121.067153,37.638234,159 - E/O Dakota Ave,https://cwwp2.dot.ca.gov/data/d10/cctv/image/159eodakotaave/159eodakotaave.jpg?_=1771278602,71
-121.014662,37.644517,On From 6th Street,https://cwwp2.dot.ca.gov/data/d10/cctv/image/onfrom6thstreet/onfrom6thstreet.jpg?_=1771278602,78
-121.020047,37.638625,161 - E/O Emerald Ave,https://cwwp2.dot.ca.gov/data/d10/cctv/image/161eoemeraldave/161eoemeraldave.jpg?_=1771278602,85
-121.055016,37.638348,162 - WB Dakota Ave,https://cwwp2.dot.ca.gov/data/d10/cctv/image/162wbdakotaave/162wbdakotaave.jpg?_=1771278602,74
-121.05503,37.63826,163 - EB Dakota Ave,https://cwwp2.dot.ca.gov/data/d10/cctv/image/163ebdakotaave/163ebdakotaave.jpg?_=1771278602,73
-120.684798,37.37458257,Winton Parkway,https://cwwp2.dot.ca.gov/data/d10/cctv/image/wintonparkway/wintonparkway.jpg?_=1771278602,141
-121.12738,37.94242,WB 4 E/O Jack Tone Rd,https://cwwp2.dot.ca.gov/data/d10/cctv/image/wb4eojacktonerd/wb4eojacktonerd.jpg?_=1771278602,68
